# ind,freq,flux,fluxerr
0,204.795,5.72186,0.57219
1,212.475,5.32425,0.53242
2,220.155,4.88523,0.48852
3,227.835,4.95400,0.49540
4,1432.500,0.03373,0.00337
