# ind,freq,flux,fluxerr
0,1313.538,0.04195,0.00168
1,1349.538,0.03771,0.00145
2,1385.538,0.03480,0.00147
3,1421.538,0.03294,0.00146
